id,id_restaurants,partySize,name,text,dateAndTime,phone,timeSlots
1,237349,1,Sheryl Ledner,Et esse sunt ut iusto. Velit vero dolores sapiente sit. Autem architecto in sed molestiae.,Fri Nov 20 2020 01:49:07 GMT-0800 (Pacific Standard Time),249-289-4703,913058
2,24281,3,Katrina Von,Distinctio aut unde qui quis et unde. Odit magnam molestiae nesciunt tenetur vel sunt corrupti eum eligendi. Excepturi dolor expedita nam rerum doloremque unde est.,Thu Oct 29 2020 13:57:20 GMT-0700 (Pacific Daylight Time),253-426-6673,528529
3,153300,3,Ms. Marco Armstrong,Incidunt iusto ea rerum beatae incidunt dolores est ea minus. Blanditiis rem veritatis. Odio incidunt aliquid ut velit vitae molestias nostrum consequatur. Harum accusamus aut qui animi repellendus occaecati sit.,Mon Dec 07 2020 10:42:46 GMT-0800 (Pacific Standard Time),297-792-3138,4822087
4,197959,5,Latoya Willms,Atque fugiat aspernatur. Enim dolor aut harum. Ut quibusdam cum officia magni eum eum. Et et illo eos totam. Saepe sequi possimus quia quae minus quo sit.,Sun Jan 03 2021 09:55:10 GMT-0800 (Pacific Standard Time),594-398-3805,3717441
5,218545,7,Moses Cole,Cumque commodi sequi saepe. Cum optio aut. Molestias illo voluptatem eum et ad et. Voluptatem aliquid dignissimos dolore libero eos at velit et optio. Eveniet sit repellendus.,Sat Jan 16 2021 01:31:54 GMT-0800 (Pacific Standard Time),483-522-7112,4724471
6,44099,9,Kristen Cartwright,Ut magnam non maxime perferendis est ipsum. Sunt unde error architecto quia voluptatem. Atque veniam ut error eius rem mollitia. Ad et quo nobis. Saepe dolor qui distinctio rem ut et qui dolores illo.,Sat Jan 16 2021 17:57:13 GMT-0800 (Pacific Standard Time),433-258-5698,549622
7,80988,6,Ms. Lynda Reynolds,Sit aut esse autem excepturi fuga expedita et facere neque. Voluptatem vitae voluptatem veritatis eum dicta ut. Quo et vero ea assumenda est ut non molestiae qui.,Sun Nov 29 2020 04:31:13 GMT-0800 (Pacific Standard Time),652-850-5937,3844366
8,153914,8,Forrest Green,Numquam iste nobis rerum porro qui et veritatis sunt ullam. Minima cum reprehenderit cumque atque ipsum enim. Aut id omnis odit qui quo ut velit.,Mon Nov 02 2020 06:28:17 GMT-0800 (Pacific Standard Time),893-485-0974,3349027
9,211975,6,Jessie Larson,Quo vel earum rem odit. Assumenda libero fugiat earum sed animi sunt nihil. Minus unde saepe. Maxime laboriosam rerum aliquid sed magnam culpa sed. Repudiandae commodi molestiae aut enim maiores dicta quidem est laborum. Aut dicta debitis est.,Sun Nov 29 2020 22:29:35 GMT-0800 (Pacific Standard Time),414-366-6674,4150365
10,95984,5,Kayla Nader,Quia autem rerum dolores. Aliquam tempora quisquam. Molestiae debitis voluptas aut eveniet quia.,Fri Jan 08 2021 11:57:30 GMT-0800 (Pacific Standard Time),377-414-5908,645724
11,165062,10,Cynthia Ferry,Voluptatem neque doloribus impedit. Architecto saepe omnis consequatur eaque eos. Eaque nam voluptas consequuntur sequi temporibus quaerat ad ipsam. Quia enim voluptatibus et est aut inventore recusandae ab. Praesentium rerum qui in non sed ut id et sunt.,Sat Nov 21 2020 16:57:08 GMT-0800 (Pacific Standard Time),737-210-6079,4697480
12,18790,8,Gladys Lemke,Tenetur consequatur ab magni et eos voluptatem. Quia nostrum architecto pariatur facere quos voluptate. Dolor corrupti error aut id sit rerum qui. Deleniti voluptatibus totam rem qui quam. Laborum ut nesciunt facere ea nulla iure. Magnam corporis laudantium.,Sat Nov 14 2020 04:57:06 GMT-0800 (Pacific Standard Time),401-864-8227,2349227
13,10796,6,Ronnie Blanda,Consequatur at fugit. Incidunt illum magnam sapiente doloribus. Omnis ea enim fugit. Omnis ullam nobis eaque. Dolorem eum quas corrupti non aut omnis praesentium. Itaque eligendi nisi dolores adipisci in illo.,Tue Jan 12 2021 18:22:48 GMT-0800 (Pacific Standard Time),657-323-9634,102053
14,140918,10,Fernando Schinner,Dignissimos dignissimos sed consectetur temporibus. Totam illo maxime et eos dolores. Numquam harum fugiat ut perferendis non praesentium facilis quis. Nostrum enim fuga quia rerum doloremque omnis possimus quis. Itaque molestias maxime perspiciatis in ipsa delectus eos voluptas commodi.,Wed Nov 04 2020 19:35:56 GMT-0800 (Pacific Standard Time),565-294-4951,3533769
15,20570,2,Chester Parisian,Ut nobis iste fugiat sapiente eligendi at facere explicabo. Velit praesentium eius ad accusamus iusto vitae nesciunt totam iusto. Odio eaque enim voluptates rem nemo explicabo. Tenetur eos delectus et veniam. Unde enim consequuntur distinctio reprehenderit.,Sat Jan 09 2021 21:38:45 GMT-0800 (Pacific Standard Time),467-969-4285,550604
16,137869,10,Drew Schneider,Recusandae sunt enim. Magni qui labore consequuntur quasi delectus. Iste aliquid repudiandae nulla. Qui consequatur earum sit officiis qui. Ut nihil quis voluptatem laborum aut officia quia. Non quam modi sed sint similique id non temporibus.,Sat Jan 09 2021 10:55:46 GMT-0800 (Pacific Standard Time),448-866-7679,3458211
17,111339,5,Randal Kutch,Natus voluptatem tempora voluptas ducimus. Saepe voluptatem et libero quos. Ipsa voluptas velit quis inventore. Qui neque rem similique id voluptate cumque est. Nisi impedit saepe ut laborum nostrum qui.,Sat Oct 24 2020 16:24:54 GMT-0700 (Pacific Daylight Time),336-539-7360,2068656
18,67499,1,Mrs. Celia Frami,Quibusdam repellat quia consequatur praesentium. Sunt aut qui itaque quo doloremque accusamus aspernatur sunt ut. Enim rem sint perferendis accusamus rerum asperiores aut ea.,Tue Oct 20 2020 19:22:33 GMT-0700 (Pacific Daylight Time),434-814-1406,600725
19,249074,4,Tara Mitchell,Fuga earum dolorem voluptatem debitis. Atque tempora quisquam eum aut tempore quia aperiam dolor delectus. Sint vel ut et iusto omnis. Est quasi distinctio nobis distinctio.,Sun Dec 06 2020 21:43:11 GMT-0800 (Pacific Standard Time),645-857-8614,1150184
20,202664,6,Veronica Bogan,Velit rerum excepturi fugit aspernatur qui quia. Iste eveniet ab esse aliquam. Sapiente molestiae nesciunt ipsam adipisci sint voluptatem est in.,Tue Dec 22 2020 22:30:00 GMT-0800 (Pacific Standard Time),800-690-5279,1377985
21,107689,1,Kristine Bayer,Omnis labore rerum error magni molestiae eaque perferendis omnis esse. Incidunt minus suscipit est dolore laboriosam quia odit. Sed in corporis ut maxime quaerat doloribus qui. Nihil nihil debitis est mollitia voluptate consequuntur animi deleniti.,Tue Jan 12 2021 02:42:04 GMT-0800 (Pacific Standard Time),500-285-4770,4106668
22,193174,10,Roy Frami,Ab et occaecati eveniet molestiae. Voluptates libero deleniti voluptatem odit quia repellat dolorem dolorum. Mollitia deserunt a similique optio perspiciatis ut rerum. Recusandae quia dolore excepturi adipisci velit nesciunt tempore tenetur.,Mon Nov 30 2020 17:48:02 GMT-0800 (Pacific Standard Time),205-458-5145,4820225
23,142456,10,Darla Mosciski,Et quos vitae voluptatem aliquid totam quidem quibusdam perferendis et. Est nihil dolor eveniet ad occaecati non et. Cumque itaque nisi alias eos in sed doloribus.,Fri Jan 08 2021 19:14:29 GMT-0800 (Pacific Standard Time),855-590-7384,153658
24,21999,5,Natalie Koch,Sit ut dolor odit aperiam qui dignissimos laudantium ea deserunt. Vero consequatur in minus expedita nobis cumque dolorum veritatis. Ducimus assumenda quos. Necessitatibus non quo. Consequatur expedita ex ea maxime illo minus voluptas. Tempore optio expedita ipsam earum aliquid sit corrupti omnis quibusdam.,Sun Nov 01 2020 13:20:21 GMT-0800 (Pacific Standard Time),569-987-7252,4984397
25,72173,1,Jared Hauck,Doloremque maxime id sit a fuga temporibus. Ab eligendi reiciendis dolore aut optio. Omnis a beatae facere placeat aliquam totam ea.,Thu Nov 12 2020 22:41:10 GMT-0800 (Pacific Standard Time),805-492-0788,1174548
26,225244,1,Forrest Hartmann,Aut et iusto aperiam distinctio laboriosam pariatur voluptas at aspernatur. Facere modi architecto veniam quasi ut. Fuga quo et esse enim fugiat et. Eius eius facere sint et.,Wed Oct 21 2020 02:28:04 GMT-0700 (Pacific Daylight Time),462-313-0250,1922706
27,80704,2,Merle Rowe,Nesciunt aliquam neque et enim et. Et odio eius illum non ipsum architecto. Et quia sint deleniti perspiciatis beatae est dolorum.,Sun Dec 13 2020 18:52:39 GMT-0800 (Pacific Standard Time),974-353-9812,886710
28,65429,5,Winston Johns,Praesentium animi rerum repellendus sed quidem natus commodi. Earum assumenda labore non est non omnis facilis et similique. Ut soluta voluptatem aliquid. Minus fugit eum beatae doloribus. Nesciunt adipisci unde et maxime assumenda quo deleniti eveniet porro.,Wed Dec 02 2020 06:13:49 GMT-0800 (Pacific Standard Time),700-468-2827,1121574
29,14270,7,Jackie Schulist,Ad voluptatibus mollitia quia nostrum. Saepe et cumque. Repudiandae rerum numquam ea illum sed pariatur est expedita. Harum officia et. Suscipit veritatis fugiat blanditiis officiis quis quia rerum et aspernatur. Dolore sequi impedit.,Fri Dec 11 2020 10:09:33 GMT-0800 (Pacific Standard Time),344-722-2877,329070
30,149935,9,Lila Bechtelar,Harum laudantium nihil. Explicabo qui enim harum neque. Aut ut sed qui placeat nisi consequatur.,Mon Nov 16 2020 06:02:35 GMT-0800 (Pacific Standard Time),795-535-4003,2411121
31,173226,4,Karla Cormier,Doloribus qui officia repudiandae error velit beatae iste et. Modi quaerat soluta accusantium quo fuga vel sequi et. Et corporis iusto dolor quia corrupti. Incidunt tempora magni. Impedit iste eum vel ab et quo dolorem quos sequi.,Fri Nov 27 2020 20:33:42 GMT-0800 (Pacific Standard Time),854-574-6998,1481444
32,75525,9,Ada Greenholt,Id vero et non quisquam ea ratione dolorum. Consequuntur aut rerum alias vel ut perferendis optio. Quo rerum explicabo repudiandae consequatur dolores.,Sat Jan 09 2021 05:10:26 GMT-0800 (Pacific Standard Time),827-973-1971,1390679
33,200272,8,Vincent Schimmel,Id blanditiis veniam. Dolorum est sint soluta sapiente fugit qui assumenda. Quae sit cumque blanditiis asperiores adipisci. Aut suscipit aut vel tenetur iure.,Sun Jan 17 2021 04:42:36 GMT-0800 (Pacific Standard Time),792-366-3609,3881242
34,33780,1,Charlie West,Esse facilis amet sed cumque quaerat dolor. Tempore cumque non voluptatem ex porro ut ut molestias. Similique nobis cupiditate. Corporis nam neque quia laudantium quo.,Sun Nov 01 2020 11:32:15 GMT-0800 (Pacific Standard Time),223-701-8185,2373315
35,220562,5,Pat Jones,Et aspernatur eveniet perferendis impedit. Est distinctio laboriosam exercitationem illo nobis rerum. Earum repellendus repellat et modi quae illum quo. Voluptas sunt at eos consequatur commodi laboriosam eius doloremque.,Tue Oct 27 2020 15:54:06 GMT-0700 (Pacific Daylight Time),729-793-5739,690808
36,97081,8,Kayla Murphy,Vel voluptatem dolor aut laborum nihil qui. Voluptatem numquam asperiores. Occaecati fugit enim exercitationem voluptates quia. Velit quis repellendus nemo enim cumque sunt.,Fri Jan 15 2021 16:53:41 GMT-0800 (Pacific Standard Time),903-212-5091,269596
37,53871,9,Henrietta Steuber,Ut eos quod earum eos et eaque voluptates nulla ea. Sint porro vel. Rerum rerum officiis. Aut deserunt nesciunt veritatis cum autem nobis quae eos.,Sun Jan 03 2021 19:29:38 GMT-0800 (Pacific Standard Time),771-847-9230,762673
38,248906,7,Shawn Abbott,Incidunt libero sit nihil. Alias aperiam sit iste autem harum sit soluta odit. Doloremque occaecati quos eos dolor laudantium. Illo sunt doloremque doloremque voluptatem quod. Aliquam rem consequatur sed.,Mon Nov 09 2020 01:07:10 GMT-0800 (Pacific Standard Time),801-807-1424,4653672
39,202411,6,Edgar Glover PhD,Et autem expedita architecto ut. Illum et aperiam. Voluptas suscipit commodi sit eum. Nesciunt ut repellendus ab.,Fri Jan 15 2021 20:34:35 GMT-0800 (Pacific Standard Time),861-232-8336,4422698
40,142109,2,Ernesto Braun,Velit voluptas qui quis aut. Expedita nihil rerum hic id qui excepturi illum. Dolorem et quidem id eligendi aut illum quos voluptatem molestiae. Amet qui omnis deleniti sit cumque inventore ut.,Sat Oct 24 2020 04:55:15 GMT-0700 (Pacific Daylight Time),538-647-7805,1265516
41,195019,7,Lynda Zieme,Neque cupiditate placeat mollitia non aliquam sint saepe doloremque ut. Quis veniam placeat ipsam qui fuga deleniti. Porro esse rem earum nesciunt inventore. Magnam aliquid in omnis.,Fri Nov 20 2020 08:35:50 GMT-0800 (Pacific Standard Time),321-541-0428,1450378
42,201963,5,Willie MacGyver,Consectetur delectus qui aut cupiditate quia. Iste in doloremque fuga modi. Sit iste dolores voluptas. Voluptatem necessitatibus omnis. Pariatur similique et dolore. Voluptatem eos aperiam in autem deserunt occaecati sequi.,Sat Jan 02 2021 07:58:37 GMT-0800 (Pacific Standard Time),387-598-1517,1750268
43,130561,4,Lisa Bruen,Voluptas in ut unde nobis reprehenderit in ea id voluptatem. Libero ab et molestias consequuntur omnis et. Et et rerum vitae similique quisquam dolor quas explicabo. Quae architecto culpa eos quae tempora error. Vitae minus doloribus. Qui odio molestiae et.,Sun Jan 03 2021 16:46:33 GMT-0800 (Pacific Standard Time),834-426-2984,4569702
44,185952,3,Doreen Ryan,Et laboriosam quas non. Error debitis sunt enim. Quo reiciendis praesentium consequatur doloremque tempore cumque earum. A vero iusto temporibus placeat. Tenetur provident ad voluptas totam vero velit. Et vitae id veniam consequatur.,Fri Dec 18 2020 19:49:41 GMT-0800 (Pacific Standard Time),256-497-9577,494962
45,98278,7,Craig Schinner Jr.,Ipsam soluta dicta vitae sed in possimus et eos. Molestiae quaerat sit architecto adipisci sequi veritatis consequuntur harum enim. Quo minima ut dolore. Omnis et harum incidunt voluptate. Nostrum esse illo adipisci dolorum unde atque ipsa.,Sat Jan 02 2021 18:53:37 GMT-0800 (Pacific Standard Time),627-941-5726,3346282
46,60033,8,Gregory Simonis,A et error autem ex et dolor dolor. Voluptatum possimus amet architecto rerum minus. Rerum suscipit nihil assumenda esse delectus officia nesciunt. Earum impedit voluptas temporibus voluptatem a placeat sed. Eveniet aut corrupti quam consequatur.,Tue Dec 08 2020 23:33:50 GMT-0800 (Pacific Standard Time),572-625-9025,3431281
47,160951,9,Josh Wyman,Vitae non ex velit aut. Fugit accusamus illum eos vel quaerat animi dolorem nobis. Necessitatibus dolor accusamus aut dolor aut labore. Similique quasi nemo doloremque dolore ipsa nisi. Sequi expedita itaque.,Tue Jan 12 2021 16:58:53 GMT-0800 (Pacific Standard Time),451-464-4256,4821359
48,90190,4,John Wolf,Qui voluptatem occaecati enim rem id optio excepturi qui. Debitis quos et quia dolorem. Aut provident ratione recusandae omnis ducimus et.,Sun Nov 01 2020 17:52:34 GMT-0800 (Pacific Standard Time),629-927-6552,2437401
49,243052,10,Natalie Robel,Velit itaque consequatur excepturi error. Sit nisi labore omnis. Fugiat voluptatem et quis quia et voluptas nihil tenetur. Sed quia tempore suscipit minus magnam suscipit accusamus aliquam. Mollitia est laboriosam non voluptatem eos rerum et. Eum eos aspernatur est debitis perspiciatis.,Fri Jan 15 2021 05:06:22 GMT-0800 (Pacific Standard Time),335-295-9232,4123076
50,51476,9,Francisco Ankunding,Eos quibusdam minima iure. Necessitatibus voluptatibus in enim libero quibusdam et ipsa. Ut nemo facere sed et quia repudiandae omnis sit quis. Qui cumque porro. Minima aut officiis reprehenderit voluptatum doloremque a. Ipsum id sed et modi et.,Sun Dec 06 2020 02:39:18 GMT-0800 (Pacific Standard Time),443-275-2538,1911372
